id,question_type,question,target,retrieved,hit,hit_rank,law_used,law_trace,answer,key_facts,key_facts_ok,article_no,citation_ok,refused,judge,grounded,judge_reason
Q01,명확,직원 보수 지급일은 매월 며칠인가?,직원보수규정 p.1,직원보수규정 제4조 p.1 / 직원보수규정 제7조 p.2 / 직원보수규정시행세칙 제10조 p.4 / 직원연봉보수규정 제13조 p.2,True,1,,,"직원 보수 지급일은 매월 21일입니다. 다만, 당해일이 휴일 또는 토요일인 경우에는 그 전일에 지급할 수 있습니다. (직원보수규정 제4조, p.1)",21일,True,제4조,True,False,정답,True,"답변이 지급일을 매월 21일로 정확히 제시했고, 휴일 또는 토요일인 경우 전일 지급 가능하다는 예외도 문서와 일치합니다."
Q02,명확,1년 이상 근속하고 8할 이상 출근한 직원의 연차휴가는 며칠인가?,취업규칙 p.4,취업규칙 제24조 p.4 / 취업관리시행세칙 제5조 p.1-2 / 취업규칙 제27조 p.7 / 취업규칙 제24조의2 p.4,True,1,,,"1년 이상 근속하고 8할 이상 출근한 직원의 연차휴가는 15일입니다. (취업규칙 제24조 제2항 제1호, p.4)",15일,True,제24조,True,False,정답,True,"검색 문서의 취업규칙 제24조 제2항 제1호에 1년 이상 근속하고 1년간 8할 이상 출근한 직원은 15일의 유급휴가를 받는다고 명시되어 있어, 시스템 답변이 정답 기준과 일치한다."
Q03,명확,본인 결혼 시 특별휴가는 며칠인가?,취업규칙 p.5,취업규칙 제27조 p.5-6 / 취업규칙 제23조 p.4 / 취업규칙 제27조 p.7 / 취업규칙 제29조 p.8,True,1,,,"본인 결혼 시 특별휴가는 5일입니다. (취업규칙 제27조 1호 가, p.5-6)",5일,True,제27조,True,False,정답,True,"시스템 답변은 본인 결혼 시 특별휴가가 5일이라고 했고, 검색 문서 제27조 1호 가에 동일하게 '본인결혼: 5일'로 명시되어 있다. 정답 기준과 일치하며 추가 조건도 문제되지 않는다."
Q04,명확,근무시간 중 휴게시간은 얼마나 주어지나?,취업규칙 p.3,취업규칙 제16조 p.3 / 상임임원 복무규정 제4조 p.1 / 취업규칙 제15조 p.2-3 / 취업관리시행세칙 제1조 p.1,True,1,,,"근무시간 중 휴게시간은 1시간 이상을 실정에 따라 일괄 또는 분할하여 부여합니다. (취업규칙 제16조, p.3)",1시간,True,제16조,True,False,정답,True,"시스템 답변은 정답 기준과 동일하게 근무시간 중 1시간 이상을 실정에 따라 일괄 또는 분할하여 부여한다고 답했고, 검색 문서의 취업규칙 제16조와 일치한다."
Q05,명확,국내·국외 출장 후 출장 증빙서류는 언제까지 제출해야 하나?,여비규정 p.2,여비규정 제21조 p.5 / 취업규칙 제14조 p.2 / 상임임원 복무규정 제16조 p.2 / 여비규정 제20조 p.4,False,,,,"국내·국외 출장 후 출장 증빙서류 제출 기한은 다음과 같습니다:

1. 국외 출장자는 귀임 후 출장 종료일로부터 14일 이내에 국외출장 중 수행사항에 대한 출장결과 보고서를 작성하여 해당 명령권자에게 보고하고 증빙자료를 포함하여 별지 제3호 서식을 출장관리부서에 제출해야 합니다. (여비규정 제21조 제2항, p.5)

2. 국내 출장자는 귀임 후 3일 이내에 출장복명서를 제출해야 합니다. 다만, 비밀에 속하는 사항 또는 간단한 사항은 구두로 복명할 수 있습니다. (취업규칙 제14조 제3항, p.2)

따라서, 국외 출장은 14일 이내, 국내 출장은 3일 이내에 제출해야 합니다.",14일,True,제7조,False,False,정답,True,"검색 문서의 여비규정 제21조 제2항에 국외출장은 귀임 후 14일 이내 제출로 명시되어 있고, 취업규칙 제14조 제3항에 국내출장은 귀임 후 3일 이내 제출로 명시되어 있어 시스템 답변의 기간 안내는 문서와 일치한다. 다만 정답 기준에 있는 허위출장 발견 시 환수 내용은 답변에 포함되지 않았지만, 질문한 제출 기한 자체는 정확하다."
Q06,명확,통상근무자의 근무시간은 몇 시부터 몇 시까지인가?,유연근무제운영지침 p.1,유연근무제운영지침 제11조 p.3 / 취업관리시행세칙 제1조 p.1 / 유연근무제운영지침 제38조 p.9 / 유연근무제운영지침 제9조 p.3,False,,,,"통상근무자의 근무시간은 연중 09시부터 18시까지입니다. (취업관리시행세칙 제1조 제1항, p.1)",9시|18시,True,제5조,False,False,정답,True,"시스템 답변은 통상근무자의 근무시간이 09시부터 18시까지라고 했고, 이는 검색 문서의 취업관리시행세칙 제1조 제1항과 정확히 일치한다. 정답 기준의 핵심도 동일하므로 정답이다."
Q07,명확,퇴직금은 어떻게 계산하나?,직원보수규정 p.4,직원보수규정 제27조 p.5 / 직원연봉보수규정 제33조 p.5 / 직원연봉보수규정 제32조 p.5 / 직원연봉보수규정 제30조 p.5,False,,,,"퇴직금은 퇴직당시의 월평균 보수액에 제26조의 규정에 의한 지급률을 곱하여 계산합니다. 구체적으로는 직원연봉보수규정 제32조에 따라 퇴직금 지급액이 결정됩니다. 

따라서, 퇴직금 계산은 다음과 같습니다:
- 퇴직금 지급액 = 퇴직당시의 월평균 보수액 × 지급률 (제26조의 규정에 의한)

(직원연봉보수규정 제32조, p.5)",1개월,False,제21조,False,False,부분정답,True,"검색 문서의 퇴직금 계산식(퇴직당시 월평균보수액 × 지급률)은 맞게 답했지만, 정답 기준의 핵심인 '만 1년 이상 근속' 및 '근속기간 1년에 대하여 월평균보수액의 1개월분 지급'이라는 조건·기준이 빠져 있어 일부만 맞습니다."
Q08,표현다름,출장 가면 밥값 따로 나와?,여비규정 p.3;13,취업규칙 제14조 p.2 / 여비규정 별표8 p.20 / 여비규정 제5조 p.2 / 여비규정 제9조의2 p.2,False,,,,"출장 시 식비는 여비규정에 따라 지급됩니다. 구체적으로, 직원이 임원 및 상위 직급 직원과 함께 업무출장을 할 경우, 교통비, 식비, 숙박비는 동행자 중 가장 높은 등급을 적용받는 자의 여비를 지급합니다. 다만, 업무 외 출장(연수, 교육) 시에는 별표 1에 의한 직급별 여비를 지급합니다. 

따라서, 출장 시 식비는 별도로 지급되며, 동행자의 직급에 따라 결정됩니다. (여비규정 제5조, p.2)",식비|25,False,제13조,False,False,부분정답,True,"식비가 출장 시 지급된다는 점은 맞지만, 정답 기준의 핵심인 국내 출장 식비 정액(1일 25천원), 100km 미만/이상에 따른 지급 비율, 숙박 시 지급 기준이 빠져 있다. 또한 동행자의 직급에 따라 결정된다는 내용은 검색 문서에 있으나 질문에 대한 핵심 답변은 아니다."
Q09,표현다름,월급날이 언제야?,직원보수규정 p.1,임원연봉보수규정 제5조 p.1 / 직원보수규정시행세칙 제10조 p.4 / 직원연봉보수규정 제10조 p.2 / 여비규정 제15조 p.3,False,,,,"월급날은 매월 21일에 지급됩니다. 다만, 당해일이 휴일 또는 토요일인 경우에는 그 전일에 지급할 수 있습니다. (임원연봉보수규정 제5조, p.1)",21일,True,제4조,False,False,정답,True,"답변이 매월 21일 지급, 휴일 또는 토요일이면 그 전일 지급 가능이라는 정답 기준과 일치하며, 검색 문서의 임원연봉보수규정 제5조 내용에 근거한다."
Q10,표현다름,할머니 돌아가시면 며칠 쉴 수 있어?,취업규칙 p.5,유연근무제운영지침 제31조 p.7 / 인사규정 제32조 p.9-10 / 취업규칙 제32조 p.8 / 취업규칙 제28조의2 p.7-8,False,,,,규정에서 근거를 찾을 수 없습니다. 담당 부서에 문의해 주세요.,3일,False,제27조,,True,오답,True,"정답 기준에는 본인 및 배우자의 조부모·외조부모 상은 3일의 기복휴가이고, 원격지면 1일 가산된다고 명시되어 있다. 그런데 시스템 답변은 규정에서 찾을 수 없다고만 하여 실제 정답을 제시하지 못했으므로 오답이다."
Q11,표현다름,와이프가 출산하면 휴가 며칠 줘?,취업규칙 p.6,취업규칙 제24조 p.4 / 취업규칙 제30조 p.8 / 취업규칙 제27조 p.5-6 / 취업규칙 제28조의2 p.7-8,True,3,,,"배우자 출산 시 직원에게는 20일의 특별휴가가 부여되며, 다태아 출산 시에는 25일의 특별휴가가 부여됩니다. (취업규칙 제27조 3항 가, p.5-6)",20일|25일,True,제27조,True,False,정답,True,"시스템 답변은 배우자 출산 시 20일, 다태아 시 25일의 특별휴가라고 답해 정답 기준과 정확히 일치한다. 근거 조항도 검색 문서의 제27조 3항 가와 일치한다."
Q12,표현다름,연차 다 못 쓰면 돈으로 받을 수 있어?,직원보수규정 p.4,윤리규정행동세칙 제37조 p.6-7 / 여비규정 제12조 p.3 / 취업규칙 제24조의2 p.4 / 해외사업소직원보수규정 제10조 p.1,False,,,,규정에서 근거를 찾을 수 없습니다. 담당 부서에 문의해 주세요.,1/209|12일,False,제19조,,True,오답,True,"질문은 연차 미사용 시 보상 가능 여부를 묻고 있고 정답 기준도 연차휴가보상금 및 산정식, 의무사용 12일 예외가 있습니다. 그런데 시스템 답변은 규정에서 찾을 수 없다고만 하여 정답 기준을 답하지 못했으므로 오답입니다."
Q13,표현다름,집에서 일해도 돼?,유연근무제운영지침 p.2,인사규정 제33조 p.10 / 윤리규정 제9조 p.2 / 복리후생규정 제5조 p.1 / 취업규칙 제27조 p.6-7,False,,,,규정에서 근거를 찾을 수 없습니다. 담당 부서에 문의해 주세요.,재택근무,False,제5조,,True,오답,True,"정답 기준에는 재택근무제, 승인권자 승인, 근무 장소(자택·숙소·주민등록지), 사장 재량의 세부 운영기준이 제시되어 있는데 시스템 답변은 이를 찾을 수 없다고만 하여 핵심 답변을 제공하지 못했다. 또한 검색 문서에도 재택근무 관련 규정이 없지 않으므로 거절만 한 것은 부적절하다."
Q14,조문번호,여비규정 제13조 내용은?,여비규정 p.3,상임임원 복무규정 제13조 p.2 / 여비규정 제16조 p.3-4 / 여비규정 제7조 p.2 / 이사회규정 제13조 p.5,True,2,,,규정에서 근거를 찾을 수 없습니다. 담당 부서에 문의해 주세요.,100km|일비|식비,False,제13조,,True,오답,True,"정답 기준에는 여비규정 제13조의 국내출장여비 지급기준이 명시되어 있는데, 시스템 답변은 이를 찾을 수 없다고만 하여 핵심 내용을 전혀 제공하지 못했습니다. 추측한 내용은 없어 grounded는 true입니다."
Q15,조문번호,취업규칙 제24조의2는 무엇을 정하고 있나?,취업규칙 p.4,취업규칙 제48조 p.10 / 취업규칙 제2조 p.1 / 취업규칙 제7조 p.1 / 취업규칙 제8조 p.1,False,,,,규정에서 근거를 찾을 수 없습니다. 담당 부서에 문의해 주세요.,10년|12일,False,제24조의2,,True,오답,True,"정답 기준에는 취업규칙 제24조의2의 연차휴가 저축 규정이 명확히 제시되어 있는데, 시스템 답변은 단순히 근거를 찾을 수 없다고만 하여 핵심 내용을 답하지 못했습니다. 거절 답변이지만 실제로는 정답이 있는 경우이므로 오답입니다."
Q16,조문번호,직원보수규정 제8조 내용을 알려줘,직원보수규정 p.2,직원보수규정시행세칙 제8조 p.3 / 해외사업소직원보수규정 제8조 p.1 / 직원연봉보수규정 제8조 p.1-2 / 직원보수규정 제8조 p.2,True,4,,,규정에서 근거를 찾을 수 없습니다. 담당 부서에 문의해 주세요.,70%|50%,False,제8조,,True,오답,True,검색 문서에 직원보수규정 제8조 내용이 명확히 있는데도 '근거를 찾을 수 없다'고 거절했으므로 오답이다. 답변 자체는 추측 없이 거절만 했으므로 지어낸 내용은 없다.
Q17,조문번호,취업규칙 제28조는 어떤 휴가인가?,취업규칙 p.7,취업규칙 제28조 p.7 / 취업규칙 제23조 p.4 / 취업규칙 제30조 p.8 / 취업규칙 제32조 p.8,True,1,,,"취업규칙 제28조는 여성 직원이 생리기간 중 휴식을 위하여 월 1일의 보건휴가(무급)를 받을 수 있도록 규정하고 있습니다. (취업규칙 제28조, p.7)",1일|무급,True,제28조,True,False,정답,True,시스템 답변은 제28조의 내용인 ‘여성 직원이 생리기간 중 휴식을 위하여 월 1일의 보건휴가(무급)를 받을 수 있다’는 정답 기준과 동일하게 제시했다. 검색 문서에도 그대로 근거가 있어 사실관계상 정확하다.
Q18,표,가족수당으로 배우자는 얼마를 받나?,직원보수규정 p.12,직원보수규정시행세칙 제6조 p.2 / 해외사업소직원보수규정 제9조 p.1 / 해외사업소직원관리규정 제14조 p.2 / 취업규칙 제27조 p.5-6,False,,,,"가족수당으로 배우자는 지급액이 명시되어 있지 않으며, 공무원 수당 등에 관한 규정을 적용한다고만 되어 있습니다. 따라서 구체적인 금액은 확인할 수 없습니다. 규정에서 근거를 찾을 수 없습니다. 담당 부서에 문의해 주세요.","30,000",False,별표3,,True,오답,True,"검색 문서의 직원보수규정시행세칙 제6조는 가족수당 지급대상을 배우자로 명시하고 있어 금액을 찾을 수 없는 사안이 아닙니다. 그런데 시스템 답변은 구체 금액이 없다고 하며 답을 거절해 정답 기준(월 30,000원)을 놓쳤습니다."
Q19,표,셋째 자녀부터 가족수당은 얼마인가?,직원보수규정 p.12,직원보수규정시행세칙 제6조의2 p.3 / 해외사업소직원보수규정 제9조 p.1 / 복리후생규정 별표2 p.8 / 직원보수규정 별표3 p.12,True,4,,,"셋째 자녀부터 지급되는 가족수당은 1명당 월 120,000원입니다. 이는 직원보수규정 시행세칙 제6조의2에 명시되어 있습니다. (직원보수규정시행세칙 제6조의2, p.3)","120,000",True,별표3,False,False,정답,True,"검색 문서의 직원보수규정시행세칙 제6조의2 제1항 제3호에 셋째 이후 자녀 1명당 월 120,000원으로 명시되어 있어 답변이 정답 기준과 일치한다."
Q20,표,국내 출장 일비는 하루에 얼마인가?,여비규정 p.13,여비규정 제13조 p.3 / 여비규정 제9조 p.2 / 여비규정 제15조 p.3 / 상임임원 복무규정 제13조 p.2,False,,,,"국내 출장 일비는 근무시간에 따라 다릅니다. 

1. 근무시간이 4시간 이상인 경우: 일비 전액 지급
2. 근무시간이 4시간 미만인 경우: 1일분의 2분의 1 지급

따라서, 구체적인 금액은 별표1에 명시된 일비 기준에 따라 달라질 수 있습니다. (여비규정 제13조, p.3)",25,False,별표1,True,False,부분정답,True,"일비가 근무시간 4시간 이상/미만에 따라 전액 또는 1/2 지급된다는 조건은 문서와 일치하지만, 정답 기준의 핵심인 ‘1일 25천원’이라는 구체 금액과 ‘회사차량 등을 이용하면 2분의 1 지급’이라는 예외 조건을 정확히 답하지 못했다."
Q21,표,1급 이하 직원이 서울로 출장 가면 숙박비 상한은?,여비규정 p.13,여비규정 별표1 p.13 / 여비규정 제13조 p.3 / 여비규정 제5조 p.2 / 여비규정 제9조 p.2,True,1,,,"1급 이하 직원이 서울로 출장 갈 경우 숙박비 상한액은 100천원입니다. (여비규정 별표1, p.13)",100,True,별표1,True,False,정답,True,"검색 문서의 여비규정 별표1 주) 7에 1급 이하 숙박비 상한액이 서울특별시 100천원으로 명시되어 있으며, 질문의 서울 출장 조건과 일치한다."
Q22,표,둘째 자녀 출산장려금은 얼마인가?,복리후생규정 p.8,복리후생규정 별표2 p.8 / 직원보수규정시행세칙 제6조의2 p.3 / 복리후생규정 제9조의2 p.2 / 인사규정시행세칙 제44조 p.12-13,True,1,,,둘째 자녀 출산장려금은 250만원입니다. (복리후생규정 별표2 p.8),250만,True,별표2,True,False,정답,True,시스템 답변의 금액 250만원은 복리후생규정 별표2의 둘째 자녀 지원 금액과 일치한다. 추가 조건이나 예외를 묻는 질문도 아니므로 핵심을 정확히 답했다.
Q23,표,국외출장 시 직원의 항공 좌석 등급은?,여비규정 p.15,여비규정 제20조 p.4 / 여비규정 제5조 p.2 / 여비규정 제20조의2 p.4-5 / 여비규정 별표8 p.20,False,,,,"국외출장 시 직원의 항공 좌석 등급은 여비규정 제20조 제1항 제1호에 따라 별표 3에 따라 지급됩니다. 즉, 항공임은 별표 3에 명시된 기준에 따라 지급되며, 이는 항공 좌석 등급을 포함한 내용입니다. 

(여비규정 제20조 제1항, p.4)",ECONOMY or 이코노미 or 3등급,False,별표3,True,False,오답,False,"검색 문서에는 직원의 좌석 등급이 3등급(ECONOMY)이라는 내용이 없고, 답변은 단지 제20조의 ‘별표 3에 따라 지급’만 반복해 핵심을 전혀 제시하지 못했습니다. 또한 ‘항공 좌석 등급을 포함한 내용’이라는 설명은 문서 근거 없이 추정한 것으로 보입니다."
Q24,조건·예외,수습 기간에도 상여금을 받을 수 있나?,직원보수규정 p.3,직원보수규정 제15조 p.3-4 / 직원보수규정시행세칙 제11조의3 p.5 / 직원연봉보수규정시행세칙 제5조의3 p.2 / 직원보수규정시행세칙 제11조 p.4-5,True,1,,,"수습 기간 중인 직원은 상여금을 지급받지 않습니다. 다만, 수습이 해제될 경우에는 입사일로부터 기산한 기간에 대하여 상여금이 지급됩니다. 수습 해제 전 퇴사한 직원은 상여금을 지급받지 않습니다. 

따라서 수습 기간에는 상여금을 받을 수 없습니다. (직원보수규정 제15조, p.3-4)",제외|입사일,False,제15조,True,False,정답,True,"시스템 답변은 수습중인 자는 제외되고, 수습 해제 시 입사일부터 기산해 지급하며, 수습 해제 전 퇴사 시 지급하지 않는다는 규정 내용을 모두 정확히 반영했다. 검색 문서인 직원보수규정 제15조와 일치한다."
Q25,조건·예외,회사 차량으로 출장 가도 일비를 전액 받나?,여비규정 p.1,여비규정 제13조 p.3 / 여비규정 제7조 p.2 / 여비규정 제6조 p.2 / 여비규정 제12조 p.3,False,,,,"근무지로부터 편도 100Km 미만의 출장은 공사차량 이용을 원칙으로 하며, 이 경우 근무시간이 4시간 이상이면 일비를 전액 지급받습니다. 만약 근무시간이 4시간 미만일 경우에는 1일분의 2분의 1만 지급됩니다. 따라서, 회사 차량으로 출장을 가는 경우에도 근무시간에 따라 지급되는 일비가 달라집니다. 

(여비규정 제13조 제1항, p.3)",2분의 1 or 1/2 or 절반,True,제2조,False,False,부분정답,True,"답변은 일비가 전액인지 여부를 직접 묻는 질문에 대해, 근무시간 4시간 이상이면 전액, 4시간 미만이면 2분의 1이라고만 설명해 정답 기준의 핵심인 ‘회사차량 또는 그에 준하는 차량 이용 시 일비는 2분의 1 지급’과는 다소 다릅니다. 다만 문서의 제13조를 근거로 한 설명이므로 근거 없는 내용은 아닙니다."
Q26,조건·예외,근속연수가 늘면 연차휴가도 늘어나나?,취업규칙 p.4,취업관리시행세칙 제5조 p.1-2 / 유연근무제운영지침 제14조 p.3 / 취업규칙 제24조 p.4 / 취업규칙 제24조의2 p.4,True,3,,,"네, 근속연수가 늘어나면 연차휴가도 늘어납니다. 3년 이상 근속자의 경우, 연차휴가일수는 15일에 근속연수(만)/2-1일을 더한 값으로 계산됩니다. 이때 소수점 이하는 절상하여 연차휴가일수를 산정합니다. 또한, 3년 이상 근속한 자에 대해서는 최초 1년을 초과하는 계속근로연수 매 2년에 대해 1일을 가산한 유급휴가를 부여하되, 총 휴가일수는 25일을 한도로 합니다. 

따라서 근속연수가 늘어날수록 연차휴가일수도 증가하게 됩니다. (취업관리시행세칙 제5조 제3항, p.1-2)",2년|25일,True,제24조,False,False,정답,True,"질문에 대해 근속연수가 늘면 연차휴가가 증가한다고 답했고, 3년 이상 근속 시 최초 1년 초과 계속근로연수 매 2년에 1일 가산, 총 25일 한도라는 정답 기준의 핵심 조건을 모두 반영했다. 문서 근거도 제시되어 있어 지어낸 내용이 없다."
Q27,조건·예외,질병휴가를 6일 넘게 쓰면 따로 필요한 게 있나?,취업규칙 p.7,취업규칙 제27조 p.7 / 취업규칙 제27조 p.6-7 / 취업규칙 제18조 p.3 / 취업규칙 제27조 p.5-6,True,1,,,"질병휴가를 6일 넘게 사용하려면 의사의 진단서를 첨부해야 합니다. 이는 질병(부상)휴가의 경우 연간 60일 이내로 사용 가능하며, 6일을 초과할 경우에 해당합니다. 

따라서, 질병휴가를 6일 넘게 쓰려면 의사의 진단서를 제출해야 합니다. (취업규칙 제27조 제6항 ③, p.7)",진단서,True,제27조,True,False,정답,True,"질문한 ‘질병휴가를 6일 넘게 쓰면 필요한 것’에 대해, 검색 문서에 연간 6일 초과 시 의사의 진단서를 첨부해야 한다고 명시되어 있어 답변이 정답 기준과 일치한다. 또한 60일 한도까지의 조건도 맞게 언급했다."
Q28,복합,본인 결혼휴가와 배우자 출산휴가는 각각 며칠인가?,취업규칙 p.5;6,취업규칙 제27조 p.5-6 / 취업규칙 제27조 p.6-7 / 취업규칙 제27조 p.7 / 취업규칙 제30조 p.8,True,1,,,"본인 결혼휴가는 5일이며, 배우자 출산시 특별휴가는 20일(다태아 시 25일)입니다. 

(취업규칙 제27조 제1호 가, 제3호 가, p.5-6)",5일|20일,True,제27조,True,False,정답,True,"시스템 답변은 본인 결혼 5일, 배우자 출산 20일(다태아 25일)로 정답 기준과 정확히 일치하며, 검색 문서 제27조에도 동일하게 기재되어 있다."
Q29,복합,국내 출장 일비와 식비 하루 정액을 같이 알려줘,여비규정 p.13,여비규정 제13조 p.3 / 여비규정 제9조 p.2 / 여비규정 제15조 p.3 / 여비규정 제17조 p.4,False,,,,"국내 출장 일비와 식비는 다음과 같습니다:

1. **일비**:
   - 근무시간 4시간 이상: 전액 지급
   - 근무시간 4시간 미만: 1일분의 2분의 1 지급 (여비규정 제13조 ①항 1호 가, 나)

2. **식비**:
   - 명령권자가 근무시간이 모두 소요되는 1일 출장으로 인정한 경우: 1일분의 3분의 1 범위 내에서 지급 (여비규정 제13조 ①항 2호)

따라서, 일비와 식비는 각각 근무시간에 따라 다르게 지급되며, 식비는 명령권자의 인정 여부에 따라 지급됩니다. (여비규정 제13조 제1항, p.3)",일비|식비|25,False,별표1,False,False,부분정답,True,"검색 문서의 국내출장 여비 기준은 일비와 식비의 지급 조건만 제시하고 있으며, 질문한 하루 정액 금액(일비 25천원, 식비 25천원)은 답변에 포함되지 않았습니다. 다만 규정 내용 자체는 문서와 일치하게 설명했습니다."
Q30,복합,장기근속휴가는 10년차와 20년차에 각각 며칠인가?,취업규칙 p.7,취업규칙 제27조 p.7 / 취업규칙 제24조 p.4 / 취업관리시행세칙 제5조 p.1-2 / 취업규칙 p.14,True,1,,,"장기근속휴가는 근속기간에 따라 다음과 같이 부여됩니다:
- 근속기간이 10년 이상 20년 미만인 직원: 5일
- 근속기간이 20년 이상인 직원: 7일

따라서, 10년차 직원은 5일의 장기근속휴가를, 20년차 직원은 7일의 장기근속휴가를 받을 수 있습니다. (취업규칙 제27조, p.7)",5일|7일,True,제27조,True,False,정답,True,"시스템 답변은 검색 문서의 제27조 제1항 제8호와 일치하게 10년 이상 20년 미만 5일, 20년 이상 7일이라고 정확히 답했다. 10년차와 20년차의 휴가일수도 각각 5일, 7일로 정답 기준과 부합한다."
Q34,상위법,출산휴가는 며칠 쓸 수 있어?,취업규칙 p.6,취업규칙 제27조 p.6-7 / 취업규칙 제27조 p.5-6 / 취업규칙 제27조 p.7 / 취업규칙 제32조 p.8,True,1,,,"출산휴가는 근로기준법에서 정한 휴가일수를 적용하며, 임신 중인 여성 직원이 관계 법령에서 정하는 사유에 해당할 경우 출산 전에 휴가를 분할하여 사용할 수 있습니다. 구체적인 일수는 규정에서 명시되어 있지 않으므로, 정확한 일수는 근로기준법을 참조해야 합니다. 

따라서, 출산휴가는 근로기준법에 따른다. (취업규칙 제27조 제4항, p.6)",90일,False,제27조,True,False,부분정답,True,"출산전후휴가가 근로기준법에 따른다는 점과 분할 사용 가능하다는 점은 맞지만, 정답 기준의 핵심인 구체적 일수(통상 90일, 미숙아 100일, 다태아 120일), 출산 후 45일(다태아 60일) 이상 배정, 최초 60일(다태아 75일) 유급 조건을 빠뜨렸다."
Q35,상위법,직원이 재직 중 사망하면 퇴직금은 누가 받아?,직원보수규정 p.5,직원연봉보수규정 제36조 p.6 / 직원보수규정 제31조 p.5 / 직원연봉보수규정 제13조 p.2 / 직원보수규정 제7조 p.2,True,2,,,"직원이 재직 중 사망할 경우, 퇴직금은 그 유족에게 지급하는 것이 원칙입니다. 유족의 범위는 근로기준법 시행령 제48조(유족의 범위 등) 또는 제50조(보상을 받기로 확정된 자의 사망)를 준용하여 결정합니다. 

(직원연봉보수규정 제36조, p.6)",유족|배우자,False,제31조,False,False,부분정답,True,"재직 중 사망 시 퇴직금을 유족에게 지급한다는 점과 근거 조문은 맞습니다. 다만 정답 기준에 있는 유족의 구체적 범위(배우자·자녀·부모·손·조부모의 우선순위, 사실혼, 유언으로 특정인 지정 등)까지는 답하지 않아 핵심 조건이 일부 빠졌습니다."
Q36,상위법,퇴직금은 법적으로 최소 얼마 이상 받아야 해?,직원보수규정 p.4,직원연봉보수규정 제26조 p.5 / 직원보수규정 제21조 p.4 / 직원연봉보수규정 제36조 p.6 / 직원연봉보수규정 제33조 p.5,True,2,근로기준법 제34조 / 근로기준법 제36조 / 근로자퇴직급여 보장법 제8조 / 근로자퇴직급여 보장법 제9조,,"퇴직금은 법적으로 계속근로기간 1년에 대하여 30일분 이상의 평균임금을 지급해야 합니다. 따라서, 퇴직금은 최소 30일분 이상의 평균임금 이상이어야 합니다. 

또한, 지급하여야 할 금액이 근로기준법에 따른 최저기준액보다 적을 경우에는 그 최저기준에 상당하는 금액을 지급해야 합니다. 

따라서, 퇴직금은 법적으로 최소 30일분 이상의 평균임금 또는 근로기준법에 따른 최저기준액 중 높은 금액을 받아야 합니다. 

(직원연봉보수규정 제26조, p.5; 근로자퇴직급여 보장법 제8조)",30일분|평균임금,True,제21조,False,False,정답,True,"근로자퇴직급여 보장법 제8조의 계속근로기간 1년당 30일분 이상의 평균임금이라는 법정 최저기준을 정확히 제시했고, 규정상 최저기준액보다 적으면 그 최저기준을 지급한다는 예외도 반영했다. 질문의 핵심인 법적 최소기준을 올바르게 답했다."
Q31,문서없음,사내 주차 요금은 얼마인가?,,여비규정 제11조 p.2-3 / 여비규정 별표1 p.13 / 해외사업소직원보수규정 제10조 p.1 / 인사규정 제14조의3 p.3,,,,,규정에서 근거를 찾을 수 없습니다. 담당 부서에 문의해 주세요.,,,,,True,정답,True,시스템 답변은 규정에서 근거를 찾을 수 없다고만 하고 추측하거나 문서에 없는 주차 요금을 지어내지 않았습니다. 정답 기준이 '규정에서 찾을 수 없음'이므로 정답입니다.
Q32,문서없음,통근버스 운행 시간표 알려줘,,적극행정 운영규정 p.1 / 윤리규정행동세칙 제39조 p.7 / 유연근무제운영지침 제22조 p.5 / 직원보수규정 별표1의3 p.10,,,,,규정에서 근거를 찾을 수 없습니다. 담당 부서에 문의해 주세요.,,,,,True,정답,True,답변이 규정에서 근거를 찾을 수 없다고 명시하고 추측 없이 문의를 안내했으므로 정답 기준에 부합합니다.
Q33,문서없음,사내 헬스장 이용 시간은?,,취업규칙 제16조 p.3 / 유연근무제운영지침 제9조 p.3 / 유연근무제운영지침 제27조 p.6 / 유연근무제운영지침 제25조 p.5-6,,,,,규정에서 근거를 찾을 수 없습니다. 담당 부서에 문의해 주세요.,,,,,True,정답,True,"정답 기준이 ‘규정에서 찾을 수 없음’인데, 시스템 답변도 근거를 찾을 수 없다고만 하고 추측하지 않았으므로 기준에 부합한다."
