id,question_type,question,target,retrieved,hit,hit_rank,answer,key_facts,key_facts_ok,article_no,citation_ok,refused,judge,grounded,judge_reason
Q01,명확,직원 보수 지급일은 매월 며칠인가?,직원보수규정 p.1,직원보수규정 제4조 p.1 / 직원보수규정시행세칙 제10조 p.4 / 직원보수규정 제7조 p.2 / 직원보수규정 제5조 p.1,True,1,"직원 보수 지급일은 매월 21일입니다. 다만, 당해일이 휴일 또는 토요일인 경우에는 그 전일에 지급할 수 있습니다. (직원보수규정 제4조, p.1)",21일,True,제4조,True,False,정답,True,"시스템 답변은 보수 지급일이 매월 21일이며, 휴일 또는 토요일인 경우 전일 지급 가능하다는 예외까지 정답 기준과 동일하게 제시했다. 검색 문서의 제4조 내용과도 일치한다."
Q02,명확,1년 이상 근속하고 8할 이상 출근한 직원의 연차휴가는 며칠인가?,취업규칙 p.4,취업규칙 제24조 p.4 / 취업규칙 제27조 p.7 / 취업관리시행세칙 제5조 p.1-2 / 취업규칙 제24조의2 p.4,True,1,"1년 이상 근속하고 8할 이상 출근한 직원의 연차휴가는 15일입니다. (취업규칙 제24조 제2항 제1호, p.4)",15일,True,제24조,True,False,정답,True,검색 문서의 취업규칙 제24조 제2항 제1호에 1년 이상 근속하고 1년간 8할 이상 출근한 직원은 15일의 유급휴가를 준다고 명시되어 있어 답변이 정답 기준과 일치한다.
Q03,명확,본인 결혼 시 특별휴가는 며칠인가?,취업규칙 p.5,취업규칙 제27조 p.5-6 / 취업규칙 제27조 p.7 / 인사규정 p.26 / 취업규칙 제23조 p.4,True,1,"본인 결혼 시 특별휴가는 5일입니다. (취업규칙 제27조 제1호 가, p.5-6)",5일,True,제27조,True,False,정답,True,검색 문서 취업규칙 제27조 제1항 1호 가에 본인결혼 특별휴가 5일로 명시되어 있어 정답 기준과 일치한다. 원격지 1일 가산 규정도 휴가일수 3일 이내에만 적용되므로 본인결혼 5일에는 해당하지 않는 점까지 기준과 맞는다.
Q04,명확,근무시간 중 휴게시간은 얼마나 주어지나?,취업규칙 p.3,취업규칙 제16조 p.3 / 상임임원 복무규정 제4조 p.1 / 취업관리시행세칙 제1조 p.1 / 취업규칙 제15조 p.2-3,True,1,"근무시간 중 휴게시간은 1시간 이상을 실정에 따라 일괄 또는 분할하여 부여합니다. (취업규칙 제16조, p.3)",1시간,True,제16조,True,False,정답,True,"시스템 답변이 취업규칙 제16조의 내용과 정확히 일치합니다. 휴게시간이 근무시간 중 1시간 이상이며, 실정에 따라 일괄 또는 분할 부여한다고 답해 정답 기준의 핵심 조건을 모두 포함했습니다."
Q05,명확,국내·국외 출장 후 출장 증빙서류는 언제까지 제출해야 하나?,여비규정 p.2,상임임원 복무규정 제16조 p.2 / 여비규정 제21조 p.5 / 취업규칙 제14조 p.2 / 상임임원 복무규정 제11조 p.2,False,,"국내 출장은 귀임 후 3일 이내에 출장복명서를 제출해야 하며, 국외 출장은 귀임 후 출장종료일로부터 14일 이내에 출장결과 보고서를 작성하여 제출해야 합니다. (취업규칙 제14조, p.2; 여비규정 제21조, p.5)",14일,True,제7조,False,False,부분정답,True,"국외 출장 증빙서류는 귀임 후 14일 이내 제출해야 한다는 점은 맞지만, 질문은 국내·국외 출장 모두에 대한 제출 기한을 묻고 있습니다. 시스템 답변은 국내 출장은 귀임 후 3일 이내라고 했으나 정답 기준은 귀임 후 14일 이내이므로 국내 출장 부분이 틀렸습니다."
Q06,명확,통상근무자의 근무시간은 몇 시부터 몇 시까지인가?,유연근무제운영지침 p.1,취업규칙 제15조 p.2-3 / 유연근무제운영지침 제38조 p.9 / 유연근무제운영지침 제9조 p.3 / 취업관리시행세칙 제1조 p.1,False,,"통상근무자의 근무시간은 연중 09시부터 18시까지입니다. 다만, 유연근무자의 근무시간은 유연근무제 운영지침에 따른다고 명시되어 있습니다. (취업관리시행세칙 제1조, p.1)",9시|18시,True,제5조,False,False,정답,True,"시스템 답변은 통상근무자의 근무시간을 09시부터 18시까지라고 정확히 제시했고, 검색 문서의 취업관리시행세칙 제1조와 일치한다. 유연근무자 예외도 함께 언급해 근거도 맞다."
Q07,명확,퇴직금은 어떻게 계산하나?,직원보수규정 p.4,취업규칙 제36조 p.8 / 직원보수규정 제27조 p.5 / 직원연봉보수규정 제32조 p.5 / 직원연봉보수규정 제26조 p.5,False,,"퇴직금은 퇴직당시의 월평균 보수액에 직원보수규정 제21조 또는 직원연봉보수규정 제26조에 의한 지급률을 곱한 금액으로 계산한다. 만 1년 이상 근속한 직원이 퇴직할 경우, 근속기간 1년에 대하여 월평균 보수액의 1개월분을 지급한다. 

(취업규칙 제36조, p.8; 직원보수규정 제27조, p.5; 직원연봉보수규정 제32조, p.5; 직원연봉보수규정 제26조, p.5)",1개월,True,제21조,True,False,정답,True,"답변이 월평균보수액에 지급률을 곱해 계산한다는 점과, 만 1년 이상 근속 시 근속 1년에 대해 월평균보수액의 1개월분을 지급한다는 정답 기준을 모두 포함한다. 일부 조문 번호 표기는 다소 넓게 적었지만 핵심 내용은 문서에 근거한다."
Q08,표현다름,출장 가면 밥값 따로 나와?,여비규정 p.3;13,여비규정 제15조 p.3 / 여비규정 제23조의2 p.5 / 여비규정 제26조 p.6 / 여비규정 제20조 p.4,True,1,"국외출장의 경우에는 일비, 숙박비, 식비, 준비금이 지급됩니다. 따라서 출장 시 식비가 따로 지급됩니다. (여비규정 제20조, p.4)",식비|25,False,제13조,False,False,부분정답,True,"식비가 따로 지급된다는 핵심은 맞지만, 정답 기준은 국내출장 식비 정액(1일 25천원)과 100km 미만/이상, 숙박 시 지급 기준까지 포함하고 있습니다. 시스템 답변은 국외출장 규정만 인용해 국내출장 조건과 금액을 답하지 못했으므로 부분정답입니다."
Q09,표현다름,월급날이 언제야?,직원보수규정 p.1,임원연봉보수규정 제5조 p.1 / 직원보수규정시행세칙 제10조 p.4 / 직원연봉보수규정 제10조 p.2 / 여비규정 제15조 p.3,False,,"월급날은 매월 21일에 지급됩니다. 다만, 당해일이 휴일 및 토요일인 경우에는 그 전일에 지급할 수 있습니다. (임원연봉보수규정 제5조, p.1)",21일,True,제4조,False,False,정답,True,"답변이 월급 지급일을 매월 21일로, 휴일 또는 토요일이면 전일 지급 가능하다고 정확히 제시해 정답 기준과 일치한다."
Q10,표현다름,할머니 돌아가시면 며칠 쉴 수 있어?,취업규칙 p.5,취업규칙 제28조의2 p.7-8 / 취업규칙 제27조 p.5-6 / 취업규칙 제27조 p.6-7 / 인사규정 제32조 p.9-10,True,2,"할머니가 돌아가시면 3일의 기복휴가를 사용할 수 있습니다. (취업규칙 제27조, p.6)",3일,True,제27조,True,False,부분정답,True,"3일의 기복휴가라고 한 점은 맞지만, 정답 기준에 있는 원격지(편도 200km 초과) 시 1일 가산 조건을 빠뜨렸습니다. 또한 질문이 ‘할머니’라면 본인/배우자의 조부모·외조부모 상에 해당한다는 점까지 명확히 적으면 더 정확합니다."
Q11,표현다름,와이프가 출산하면 휴가 며칠 줘?,취업규칙 p.6,취업규칙 제30조 p.8 / 취업규칙 제24조의2 p.4 / 취업규칙 제25조 p.4-5 / 취업규칙 제24조 p.4,False,,규정에서 근거를 찾을 수 없습니다. 담당 부서에 문의해 주세요.,20일|25일,False,제27조,,True,오답,True,"정답 기준에는 배우자 출산 시 20일(다태아 25일)의 특별휴가가 있는데, 시스템 답변은 규정에서 찾을 수 없다고만 하여 핵심 기간과 조건을 전혀 답하지 못했다. 거절 자체는 근거 없는 지어낸 내용이 없어 grounded는 true이다."
Q12,표현다름,연차 다 못 쓰면 돈으로 받을 수 있어?,직원보수규정 p.4,여비규정 제12조 p.3 / 해외사업소직원보수규정 제10조 p.1 / 회계규정 제77조 p.11 / 여비규정 제10조 p.2,False,,규정에서 근거를 찾을 수 없습니다. 담당 부서에 문의해 주세요.,1/209|12일,False,제19조,,True,오답,True,"정답 기준에는 연차휴가보상금 산정 방식과 의무사용 12일 제외가 명시되어 있는데, 시스템 답변은 단순히 규정 근거를 찾을 수 없다고만 하여 정답을 주지 못했다. 추측은 없으므로 grounded는 true이다."
Q13,표현다름,집에서 일해도 돼?,유연근무제운영지침 p.2,복리후생규정 제5조 p.1 / 복리후생규정 제18조의2 p.3 / 인사규정 제33조 p.10 / 해외사업소직원관리규정 제10조 p.1,False,,규정에서 근거를 찾을 수 없습니다. 담당 부서에 문의해 주세요.,재택근무,False,제5조,,True,오답,True,"정답 기준에는 재택근무제가 있고 승인권자 승인 및 거주지/주민등록지에서 근무 가능하다고 되어 있는데, 시스템 답변은 근거를 찾을 수 없다고만 하여 핵심 규정을 놓쳤습니다. 추측은 없어서 grounded는 true입니다."
Q14,조문번호,여비규정 제13조 내용은?,여비규정 p.3,상임임원 복무규정 제13조 p.2 / 여비규정 제31조 p.6 / 여비규정 제7조 p.2 / 여비규정 제33조 p.6,False,,규정에서 근거를 찾을 수 없습니다. 담당 부서에 문의해 주세요.,100km|일비|식비,False,제13조,,True,오답,True,"검색 문서에 여비규정 제13조는 국내출장여비지급 기준이 아닌 상임임원 복무규정의 조문만 보이며, 시스템은 이를 찾을 수 없다고만 답해 정답 기준의 핵심 내용을 전혀 제시하지 못했다. 추측은 없어서 grounded는 true이다."
Q15,조문번호,취업규칙 제24조의2는 무엇을 정하고 있나?,취업규칙 p.4,취업규칙 제48조 p.10 / 취업규칙 제2조 p.1 / 취업규칙 제7조 p.1 / 취업규칙 제8조 p.1,False,,규정에서 근거를 찾을 수 없습니다. 담당 부서에 문의해 주세요.,10년|12일,False,제24조의2,,True,오답,True,"정답 기준에는 취업규칙 제24조의2의 내용(연차휴가 저축, 이월·저축 조건, 12일 의무사용분 제외, 10년 내 소멸)이 있는데 시스템 답변은 근거를 찾을 수 없다고만 하여 정답을 답하지 못했다. 추측은 없으므로 grounded는 true다."
Q16,조문번호,직원보수규정 제8조 내용을 알려줘,직원보수규정 p.2,직원보수규정시행세칙 제8조 p.3 / 직원보수규정 제2조 p.1 / 해외사업소직원보수규정 제8조 p.1 / 직원보수규정 제9조 p.2,True,4,"직원보수규정 제8조는 삭제되었습니다. (직원보수규정시행세칙 제8조, p.3)",70%|50%,False,제8조,True,False,오답,True,"질문은 직원보수규정 제8조의 휴직자 보수 내용을 묻는데, 시스템 답변은 시행세칙 제8조가 삭제되었다는 문구만 답해 정답 기준의 보수 지급 조건·비율·예외를 전혀 제시하지 못했습니다."
Q17,조문번호,취업규칙 제28조는 어떤 휴가인가?,취업규칙 p.7,취업규칙 제25조 p.4-5 / 취업규칙 제32조 p.8 / 취업규칙 제30조 p.8 / 취업규칙 제23조 p.4,False,,규정에서 근거를 찾을 수 없습니다. 담당 부서에 문의해 주세요.,1일|무급,False,제28조,,True,오답,True,"정답은 취업규칙 제28조의 보건휴가인데, 시스템 답변은 근거를 찾을 수 없다고만 하여 정답을 제시하지 못했다. 검색 문서에 없는 내용을 지어내지는 않았으므로 grounded는 true다."
Q18,표,가족수당으로 배우자는 얼마를 받나?,직원보수규정 p.12,직원보수규정시행세칙 제6조 p.2 / 해외사업소직원보수규정 제9조 p.1 / 해외사업소직원관리규정 제14조 p.2 / 직원보수규정 별표3 p.12,True,4,"가족수당으로 배우자는 월 30,000원을 받습니다. (직원보수규정 별표3, p.12)","30,000",True,별표3,True,False,정답,True,"검색 문서의 직원보수규정 별표3에 배우자 가족수당이 월 30,000원으로 명시되어 있어 답변이 정답 기준과 일치합니다."
Q19,표,셋째 자녀부터 가족수당은 얼마인가?,직원보수규정 p.12,직원보수규정시행세칙 제6조의2 p.3 / 직원보수규정시행세칙 제6조 p.2 / 해외사업소직원보수규정 제9조 p.1 / 복리후생규정 별표2 p.8,False,,규정에서 근거를 찾을 수 없습니다. 담당 부서에 문의해 주세요.,"120,000",False,별표3,,True,오답,True,"검색 문서의 직원보수규정시행세칙 제6조의2에 셋째 이후 자녀 1명당 월 120,000원이라고 명시되어 있는데도, 시스템 답변이 근거를 찾을 수 없다고만 하여 정답을 제시하지 못했다."
Q20,표,국내 출장 일비는 하루에 얼마인가?,여비규정 p.13,여비규정 제13조 p.3 / 여비규정 제27조 p.6 / 여비규정 제15조 p.3 / 여비규정 제20조 p.4,False,,"국내 출장 일비는 근무시간에 따라 다릅니다. 근무시간이 4시간 이상인 경우에는 전액 지급되며, 4시간 미만인 경우에는 1일분의 2분의 1이 지급됩니다. (여비규정 제13조 ①항, p.3)",25,False,별표1,False,False,부분정답,True,"일비의 지급 기준(4시간 이상 전액, 4시간 미만 1/2)은 문서와 일치하지만, 정답 기준에 있는 금액인 1일 25천원과 회사차량 등을 이용할 때 1/2 지급하는 조건을 답변하지 못했다."
Q21,표,1급 이하 직원이 서울로 출장 가면 숙박비 상한은?,여비규정 p.13,여비규정 제13조 p.3 / 여비규정 제29조 p.6 / 여비규정 별표1 p.13 / 직원보수규정시행세칙 제3조 p.1,True,3,1급 이하 직원이 서울로 출장 가면 숙박비 상한액은 100천원입니다. (여비규정 별표1 p.13),100,True,별표1,True,False,정답,True,"시스템 답변은 1급 이하 직원의 서울(서울특별시) 출장 숙박비 상한을 100천원으로 제시했고, 이는 별표1의 ‘1급 이하 숙박비 상한액(서울특별시: 100천원)’과 정확히 일치합니다."
Q22,표,둘째 자녀 출산장려금은 얼마인가?,복리후생규정 p.8,복리후생규정 별표2 p.8 / 직원보수규정시행세칙 제6조의2 p.3 / 상임임원 복무규정 제13조 p.2 / 인사규정 p.26,True,1,"둘째 자녀 출산장려금은 250만원입니다. (복리후생규정 별표2, p.8)",250만,True,별표2,True,False,정답,True,"시스템 답변의 둘째 자녀 출산장려금 250만원은 검색 문서의 복리후생규정 별표2와 일치한다. 다만 정답 기준에 포함된 지급 대상 조건(1급 이하 직원)까지는 답변에 없지만, 질문이 금액만을 묻는 형태이므로 핵심 답변은 맞다."
Q23,표,국외출장 시 직원의 항공 좌석 등급은?,여비규정 p.15,여비규정 제5조 p.2 / 여비규정 제20조 p.4 / 여비규정 제26조 p.6 / 여비규정 제22조 p.5,False,,"국외출장 시 직원의 항공 좌석 등급은 별표 3에 따라 지급됩니다. (여비규정 제20조 ①항, p.4)",ECONOMY or 이코노미 or 3등급,False,별표3,True,False,부분정답,True,"답변은 국외출장 시 항공임이 별표 3에 따른다고만 했고, 정답 기준의 핵심인 직원은 3등급(ECONOMY), 임원은 2등급(BUSINESS) 및 공무상 필요·부득이한 경우 상향 조정 가능하다는 점이 빠져 있다. 문서 근거는 맞지만 충분히 구체적이지 않다."
Q24,조건·예외,수습 기간에도 상여금을 받을 수 있나?,직원보수규정 p.3,직원보수규정시행세칙 제11조의3 p.5 / 직원연봉보수규정시행세칙 제5조의3 p.2 / 유연근무제운영지침 제18조 p.4 / 직원보수규정 제15조 p.3-4,True,4,"수습 중인 자는 상여금을 지급받지 못합니다. 다만, 수습이 해제될 경우에는 입사일로부터 기산한 기간에 대하여 지급합니다. 수습해제 전 퇴사한 자에 대해서는 지급하지 않습니다. (직원보수규정 제15조, p.3-4)",제외|입사일,False,제15조,True,False,정답,True,"수습 중인 자는 제외, 수습 해제 시 입사일부터 기산해 지급, 수습 해제 전 퇴사 시 미지급이라는 정답 기준의 핵심 조건과 예외를 모두 정확히 답했다."
Q25,조건·예외,회사 차량으로 출장 가도 일비를 전액 받나?,여비규정 p.1,여비규정 제6조 p.2 / 여비규정 제12조 p.3 / 취업관리시행세칙 p.7 / 여비규정 제20조 p.4,False,,"회사 차량으로 출장을 가는 경우, 일비에 대한 규정은 명시되어 있지 않습니다. 따라서 일비를 전액 받을 수 있는지에 대한 근거는 규정에서 찾을 수 없습니다. 담당 부서에 문의해 주세요.",2분의 1 or 1/2 or 절반,False,제2조,,True,오답,True,"정답 기준에는 회사차량 또는 그에 준하는 차량을 이용하면 일비를 2분의 1 지급한다고 명시되어 있는데, 시스템 답변은 규정상 근거를 찾을 수 없다고만 하여 핵심 내용을 놓쳤습니다. 추측은 하지 않았으므로 근거 없는 내용은 아니지만, 정답 기준에 있는 답을 거절했으므로 오답입니다."
Q26,조건·예외,근속연수가 늘면 연차휴가도 늘어나나?,취업규칙 p.4,직원연봉보수규정시행세칙 제6조 p.2 / 직원보수규정시행세칙 제12조 p.5 / 유연근무제운영지침 제14조 p.3 / 취업관리시행세칙 제5조 p.1-2,False,,"네, 근속연수가 늘면 연차휴가도 늘어납니다. 3년 이상 근속자의 연차휴가일수는 15일에 근속연수(만)를 2로 나눈 후 1일을 뺀 값을 더한 것으로 계산됩니다. 즉, 근속연수가 증가하면 연차휴가일수도 증가하게 됩니다. 

(취업관리시행세칙 제5조 ③, p.1-2)",2년|25일,False,제24조,False,False,부분정답,True,"답변은 근속연수에 따라 연차휴가가 증가한다는 점은 맞지만, 정답 기준의 핵심인 '3년 이상 근속 시 최초 1년을 초과하는 계속근로연수 매 2년마다 1일 가산'과 '가산 휴가 포함 총 25일 한도'를 정확히 제시하지 못했다. 특히 식도 정답 기준과 다소 다르게 표현되어 있어 조건과 한도가 빠진 부분정답이다."
Q27,조건·예외,질병휴가를 6일 넘게 쓰면 따로 필요한 게 있나?,취업규칙 p.7,취업규칙 제26조 p.5 / 취업규칙 제27조 p.7 / 취업규칙 제27조 p.5-6 / 취업규칙 제27조 p.6-7,True,2,"질병(부상)휴가를 6일 넘게 사용하려면 의사의 진단서를 첨부해야 합니다. (취업규칙 제27조 제1항 ③호, p.7)",진단서,True,제27조,True,False,정답,True,검색 문서의 제27조 제3항에 질병(부상)휴가 일수가 연간 6일을 초과하면 의사의 진단서를 첨부해야 한다고 명시되어 있어 정답 기준과 일치합니다.
Q28,복합,본인 결혼휴가와 배우자 출산휴가는 각각 며칠인가?,취업규칙 p.5;6,취업규칙 제27조 p.5-6 / 인사규정 p.26 / 취업규칙 제27조 p.6-7 / 취업규칙 제27조 p.7,True,1,"본인 결혼휴가는 5일이며, 배우자 출산시 특별휴가는 20일(다태아 시 25일)입니다. (취업규칙 제27조 제1호 가, 제3호 가, p.5-6)",5일|20일,True,제27조,True,False,정답,True,"시스템 답변은 본인 결혼휴가 5일과 배우자 출산휴가 20일(다태아 25일)을 정확히 제시해 정답 기준과 일치하며, 검색 문서의 취업규칙 제27조에도 그대로 근거가 있다."
Q29,복합,국내 출장 일비와 식비 하루 정액을 같이 알려줘,여비규정 p.13,여비규정 제13조 p.3 / 여비규정 제15조 p.3 / 여비규정 제9조 p.2 / 여비규정 별표1 p.13,True,4,"국내 출장 일비는 1일 기준으로 25,000원입니다. 식비는 1일 기준으로 1일분의 3분의 1 범위 내에서 지급됩니다. (여비규정 제9조, p.2; 여비규정 별표1, p.13)",일비|식비|25,True,별표1,True,False,부분정답,True,"일비 1일 25,000원은 정답 기준과 일치하지만, 식비는 규정상 1일분의 3분의 1 범위 내 지급이라고만 답해 정답 기준인 1일 25,000원을 정확히 제시하지 못했다."
Q30,복합,장기근속휴가는 10년차와 20년차에 각각 며칠인가?,취업규칙 p.7,취업규칙 제24조 p.4 / 직원보수규정시행세칙 제12조 p.5 / 취업규칙 제27조 p.7 / 직원연봉보수규정시행세칙 제6조 p.2,True,3,"장기근속휴가는 10년 이상 20년 미만인 직원에게 5일, 20년 이상인 직원에게 7일이 부여됩니다. (취업규칙 제27조, p.7)",5일|7일,True,제27조,True,False,정답,True,"정답 기준과 동일하게 10년 이상 20년 미만은 5일, 20년 이상은 7일로 답했으며, 검색 문서의 취업규칙 제27조와 일치한다."
Q34,상위법,출산휴가는 며칠 쓸 수 있어?,취업규칙 p.6,취업규칙 제27조 p.6-7 / 취업규칙 제28조의2 p.7-8 / 취업규칙 제27조 p.7 / 취업규칙 제30조 p.8,True,1,"출산휴가는 근로기준법에서 정한 휴가일수를 적용합니다. 구체적인 일수는 규정에서 명시되어 있지 않으므로, 정확한 일수는 근로기준법을 참조해야 합니다. (규정에서 근거를 찾을 수 없습니다. 담당 부서에 문의해 주세요.)",90일,False,제27조,,True,오답,True,"검색 문서에는 출산전후휴가가 근로기준법에서 정한 휴가일수를 적용한다고 명시되어 있어 답을 찾을 수 있습니다. 그런데 시스템 답변은 규정에 일수가 없다고 하며 답변을 거절해, 정답 기준의 핵심인 90일(미숙아 100일, 다태아 120일) 및 출산 후 45일 이상 배정, 최초 60일 유급 등의 내용을 놓쳤습니다."
Q35,상위법,직원이 재직 중 사망하면 퇴직금은 누가 받아?,직원보수규정 p.5,직원연봉보수규정 제34조 p.5 / 직원연봉보수규정 제36조 p.6 / 직원보수규정 제29조 p.5 / 직원보수규정 제31조 p.5,True,3,"퇴직자가 사망하였을 경우에는 그 유족에게 지급함을 원칙으로 합니다. 유족은 근로기준법 시행령 제48조 또는 제50조를 준용하여 결정됩니다. (직원연봉보수규정 제36조 제1항, p.6)",유족|배우자,False,제31조,False,False,부분정답,True,사망 시 퇴직금이 유족에게 지급된다는 점과 유족 범위가 근로기준법 시행령을 준용한다는 점은 맞습니다. 다만 정답 기준의 핵심인 유족의 구체적 우선순위(배우자·자녀·부모·손·조부모 등)와 유언 등으로 특정인 지정 시 그에 따른다는 예외가 빠져 있어 부분정답입니다.
Q36,상위법,퇴직금은 법적으로 최소 얼마 이상 받아야 해?,직원보수규정 p.4,직원연봉보수규정 제26조 p.5 / 직원보수규정 제21조 p.4 / 취업규칙 제36조 p.8 / 직원연봉보수규정 제35조 p.6,True,2,"퇴직금은 근로기준법에 따른 최저기준액보다 적을 경우에는 그 최저기준에 상당하는 금액을 지급해야 합니다. (직원연봉보수규정 제26조, p.5)",30일분|평균임금,False,제21조,False,False,부분정답,True,"최저기준보다 적으면 그 최저기준을 지급한다는 조건은 맞지만, 정답 기준의 핵심인 법정 최저기준이 계속근로기간 1년에 대하여 30일분 이상의 평균임금이라는 점이 빠져 있어 불완전하다."
Q31,문서없음,사내 주차 요금은 얼마인가?,,해외사업소직원보수규정 제10조 p.1 / 여비규정 별표1 p.13 / 해외사업소직원보수규정 별표1 p.2-3 / 여비규정 제9조 p.2,,,규정에서 근거를 찾을 수 없습니다. 담당 부서에 문의해 주세요.,,,,,True,정답,True,"정답 기준이 ‘규정에서 찾을 수 없음’인데, 시스템 답변도 근거를 찾을 수 없다고 명확히 밝혀 추측하지 않았다. 검색 문서에도 사내 주차 요금에 대한 직접 근거는 없다."
Q32,문서없음,통근버스 운행 시간표 알려줘,,적극행정 운영규정 p.1 / 유연근무제운영지침 제22조 p.5 / 유연근무제운영지침 제28조 p.6 / 취업규칙 제16조 p.3,,,규정에서 근거를 찾을 수 없습니다. 담당 부서에 문의해 주세요.,,,,,True,정답,True,"시스템 답변은 통근버스 운행 시간표가 검색 문서에서 확인되지 않는다고 밝히고 있으며, 추측이나 허위 정보를 제시하지 않았다. 정답 기준이 ‘규정에서 찾을 수 없음’이므로 적절하다."
Q33,문서없음,사내 헬스장 이용 시간은?,,취업규칙 제16조 p.3 / 유연근무제운영지침 제9조 p.3 / 유연근무제운영지침 제38조 p.9 / 해외사업소직원관리규정 제9조 p.1,,,규정에서 근거를 찾을 수 없습니다. 담당 부서에 문의해 주세요.,,,,,True,정답,True,"시스템 답변은 규정에서 근거를 찾을 수 없다고만 밝혔고, 검색 문서에도 ‘사내 헬스장 이용 시간’에 대한 내용은 없습니다. 추측 없이 거절했으므로 정답입니다."
