id,question_type,question,target,retrieved,hit,hit_rank,other_org,answer,key_facts,key_facts_ok,refused,judge,grounded,judge_reason
Q01,명확,직원 보수 지급일은 매월 며칠인가?,직원보수규정 p.1,직원보수규정 p.1 / 직원보수규정 p.2 / 해외사업소직원보수규정 p.2 / 직원보수규정 p.2,True,1,0,"직원 보수 지급일은 매월 21일입니다. 다만, 당해일이 휴일 또는 토요일인 경우에는 그 전일에 지급할 수 있습니다. (직원보수규정 제4조, p.1)",21일,True,False,정답,True,"시스템 답변은 보수 지급일이 매월 21일이며, 휴일 또는 토요일인 경우 전일에 지급할 수 있다는 예외까지 정확히 반영했다. 검색 문서의 직원보수규정 제4조와 일치한다."
Q02,명확,1년 이상 근속하고 8할 이상 출근한 직원의 연차휴가는 며칠인가?,취업규칙 p.4,취업규칙 p.4 / 취업관리시행세칙 p.1 / 취업규칙 p.4 / 취업규칙 p.7,True,1,0,"1년 이상 근속하고 8할 이상 출근한 직원의 연차휴가는 15일입니다. (취업규칙 제24조 ②1호, p.4)",15일,True,False,정답,True,"검색 문서의 취업규칙 제24조 제2항 1호에 1년 이상 근속하고 1년간 8할 이상 출근한 직원은 15일의 유급휴가를 준다고 명시되어 있으며, 시스템 답변도 동일하게 답했다."
Q03,명확,본인 결혼 시 특별휴가는 며칠인가?,취업규칙 p.5,취업규칙 p.5 / 취업규칙 p.6 / 취업규칙 p.4 / 상임임원 복무규정 p.1,True,1,0,"본인 결혼 시 특별휴가는 5일입니다. (취업규칙 제27조 1호 가, p.5)",5일,True,False,정답,True,"검색 문서 취업규칙 제27조 1호 가에 본인결혼 특별휴가가 5일로 명시되어 있고, 질문의 정답 기준과도 일치합니다. 원격지 가산은 3일 이내 휴가에만 적용되므로 본인결혼 5일에는 해당하지 않는 점까지 정답 기준과 부합합니다."
Q04,명확,근무시간 중 휴게시간은 얼마나 주어지나?,취업규칙 p.3,취업규칙 p.3 / 유연근무제운영지침 p.5 / 유연근무제운영지침 p.1 / 유연근무제운영지침 p.6,True,1,0,"휴게시간은 근무시간 중 1시간 이상을 실정에 따라 일괄 또는 분할하여 부여한다. (제16조, p.페이지)",1시간,True,False,정답,True,시스템 답변은 취업규칙 제16조의 내용과 일치하게 휴게시간이 근무시간 중 1시간 이상이며 실정에 따라 일괄 또는 분할하여 부여된다고 정확히 답했다.
Q05,명확,국내·국외 출장 후 출장 증빙서류는 언제까지 제출해야 하나?,여비규정 p.2,여비규정 p.5 / 여비규정 p.5 / 여비규정 p.4 / 여비규정 p.23,False,,0,"국외 출장자는 귀임 후 출장종료일로부터 14일 이내에 국외출장 중 수행사항에 대한 출장결과 보고서를 작성하여 해당 명령권자에게 보고하고 증빙자료를 포함하여 별지 제3호 서식을 출장관리부서에 제출하여야 합니다. (여비규정 제21조 제2항, p.5)",14일,True,False,부분정답,True,"제출 기한인 귀임 후 14일 이내와 증빙자료 포함 제출은 맞습니다. 다만 정답 기준에는 ‘부서 또는 회계담당자에게 제출’ 및 ‘허위출장 발견 시 모두 환수’가 포함되어 있는데, 이 답변에는 해당 조건이 빠져 있습니다."
Q06,명확,통상근무자의 근무시간은 몇 시부터 몇 시까지인가?,유연근무제운영지침 p.1,유연근무제운영지침 p.3 / 유연근무제운영지침 p.3 / 유연근무제운영지침 p.1 / 유연근무제운영지침 p.5,True,3,0,통상근무자의 근무시간은 09시부터 18시까지입니다. (유연근무제운영지침 p.1),9시|18시,True,False,정답,True,"정답 기준과 동일하게 통상근무자의 근무시간을 09시부터 18시까지라고 답했고, 검색 문서 p.1에도 동일한 내용이 명시되어 있다."
Q07,명확,퇴직금은 어떻게 계산하나?,직원보수규정 p.4,직원연봉보수규정 p.5 / 인사규정 p.14 / 직원보수규정 p.13 / 직원보수규정 p.5,False,,0,"퇴직금 지급액은 퇴직당시의 월평균보수액에 제26조의 규정에 의한 지급률을 곱하여 계산합니다. (직원연봉보수규정 제32조, p.5)",1개월,False,False,부분정답,True,"답변은 퇴직금 계산식(퇴직당시 월평균보수액 × 지급률)만 제시했고, 정답 기준에 있는 ‘만 1년 이상 근속’, ‘근속기간 1년에 대하여 월평균보수액 1개월분 지급’이라는 핵심 조건과 산정 기준을 구체적으로 설명하지 않았다. 문서 근거 내에서만 답했으므로 지어낸 내용은 없다."
Q08,표현다름,출장 가면 밥값 따로 나와?,여비규정 p.3;13,여비규정 p.20 / 여비규정 p.22 / 여비규정 p.5 / 여비규정 p.23,False,,0,규정에서 근거를 찾을 수 없습니다. 담당 부서에 문의해 주세요.,식비|25,False,True,오답,True,"정답 기준에는 국내 출장 시 식비가 정액으로 지급된다는 규정이 있으며 금액과 조건까지 제시되어 있는데, 시스템 답변은 근거를 찾을 수 없다고만 하여 핵심 내용을 답하지 못했습니다."
Q09,표현다름,월급날이 언제야?,직원보수규정 p.1,직원보수규정 p.1 / 해외사업소직원보수규정 p.2 / 임원연봉보수규정 p.1 / 임원연봉보수규정 p.3,True,1,0,"보수 지급일은 매월 21일로 하며, 당해일이 휴일 또는 토요일인 경우에는 그 전일에 지급할 수 있습니다. (직원보수규정 제2조, p.1)",21일,True,False,정답,True,답변이 보수 지급일은 매월 21일이며 휴일 또는 토요일이면 전일 지급 가능하다고 정확히 설명해 정답 기준과 일치한다. 다만 조문 번호를 제2조로 적은 것은 문서상 제4조로 보이지만 핵심 내용은 맞다.
Q10,표현다름,할머니 돌아가시면 며칠 쉴 수 있어?,취업규칙 p.5,취업규칙 p.6 / 임원추천위원회 운영규정 p.1 / 취업규칙 p.7 / 이사회규정 p.3,False,,0,규정에서 근거를 찾을 수 없습니다. 담당 부서에 문의해 주세요.,3일,False,True,오답,True,"정답 기준에는 본인 및 배우자의 조부모·외조부모 상에 대해 3일의 기복휴가와 원격지 1일 가산이 명시되어 있는데, 시스템 답변은 이를 찾을 수 없다고만 하여 핵심 기간·조건을 답하지 못했다."
Q11,표현다름,와이프가 출산하면 휴가 며칠 줘?,취업규칙 p.6,취업규칙 p.4 / 취업규칙 p.6 / 취업규칙 p.7 / 취업규칙 p.5,True,2,0,"배우자 출산 시 직원에게는 20일의 특별휴가가 부여됩니다. 다태아 출산 시에는 25일의 특별휴가가 주어집니다. (취업규칙 제27조, p.6)",20일|25일,True,False,정답,True,"검색 문서 p.6의 제27조 3.가에 배우자 출산 시 20일, 다태아 시 25일로 명시되어 있어 정답 기준과 일치합니다."
Q12,표현다름,연차 다 못 쓰면 돈으로 받을 수 있어?,직원보수규정 p.4,여비규정 p.2 / 취업관리시행세칙 p.1 / 직원보수규정 p.13 / 취업규칙 p.4,False,,0,규정에서 근거를 찾을 수 없습니다. 담당 부서에 문의해 주세요.,1/209|12일,False,True,오답,True,"정답 기준에는 연차휴가보상금 지급, 1일 보상액 산식, 의무사용 12일은 보상 제외라는 핵심 규정이 있는데도 시스템 답변은 ‘근거를 찾을 수 없다’고만 하여 답하지 못했다. 거절 자체는 문서 밖 내용을 지어낸 것은 아니므로 grounded는 true다."
Q13,표현다름,집에서 일해도 돼?,유연근무제운영지침 p.2,윤리규정행동세칙 p.3 / 윤리규정 p.2 / 취업규칙 p.6 / 해외사업소직원관리규정 p.1,False,,0,규정에서 근거를 찾을 수 없습니다. 담당 부서에 문의해 주세요.,재택근무,False,True,오답,True,"정답 기준에는 재택근무제와 승인권자 승인, 근무 장소(자택·숙소·주민등록지), 사장 재량의 세부 기준이 명시되어 있는데, 시스템 답변은 이를 찾을 수 없다고만 하여 핵심 내용을 답하지 못했다. 다만 문서에 없는 내용을 지어내지는 않았다."
Q14,조문번호,여비규정 제13조 내용은?,여비규정 p.3,여비규정 p.2 / 여비규정 p.3 / 여비규정 p.10 / 여비규정 p.4,True,2,0,"제13조(국내출장여비지급 기준) ① 근무지로부터 편도 100Km 미만의 출장은 공사차량 이용을 원칙으로 하며, 다음 각 호에 따라 별표1에 해당하는 여비를 지급한다. <개정 2015.01.30., 2015.10.30., 2018.04.02.>
1. 일비 <신설 2018.04.02.>
가. 근무시간 4시간 이상 : 전액 <신설 2018.04.02.>
나. 근무시간 4시간 미만 : 1일분의 2분의 1 <신설 2018.04.02., 개정 2023.06.16.>
2. 식비 : 명령권자가 근무시간이 모두 소요되는 1일 출장으로 인정한 경우에는 1일분의 3분의 1 범위 (규정명 제13조, p.4)",100km|일비|식비,True,False,부분정답,True,"검색 문서의 제13조 일부(편도 100km 미만, 공사차량 이용 원칙, 일비 기준, 식비 일부 기준)는 맞게 제시했지만, 정답 기준에 있는 숙박비 지급 조건(편도 50km 이상·2일 이상 출장 시 증빙 제출)과 100km 이상 출장 시의 교통비·일비 전액, 식비 3분의 2 지급 내용이 빠져 있어 핵심이 모두 포함되지는 않았다."
Q15,조문번호,취업규칙 제24조의2는 무엇을 정하고 있나?,취업규칙 p.4,취업규칙 p.1 / 취업규칙 p.11 / 취업규칙 p.10 / 취업관리시행세칙 p.2,False,,0,규정에서 근거를 찾을 수 없습니다. 담당 부서에 문의해 주세요.,10년|12일,False,True,오답,True,"검색 문서에 제24조의2 관련 조항이 실제로 있으며, 연차휴가 저축과 이월·저축, 의무사용 12일 미사용분 제외, 10년 소멸 조건이 정답인데 시스템 답변은 근거를 찾을 수 없다고만 하여 핵심 내용을 답하지 못했다."
Q16,조문번호,직원보수규정 제8조 내용을 알려줘,직원보수규정 p.2,임금피크제시행세칙 p.2 / 해외사업소직원보수규정 p.1 / 해외사업소직원보수규정 p.1 / 직원보수규정 p.2,True,4,0,규정에서 근거를 찾을 수 없습니다. 담당 부서에 문의해 주세요.,70%|50%,False,True,오답,True,"정답 기준에는 직원보수규정 제8조의 휴직자 보수 지급 기준이 명시되어 있는데, 시스템 답변은 이를 제시하지 않고 근거를 찾을 수 없다고만 답했다. 따라서 답변은 핵심 내용을 놓친 오답이다."
Q17,조문번호,취업규칙 제28조는 어떤 휴가인가?,취업규칙 p.7,취업규칙 p.11 / 취업관리시행세칙 p.2 / 취업규칙 p.14 / 취업규칙 p.4,False,,0,규정에서 근거를 찾을 수 없습니다. 담당 부서에 문의해 주세요.,1일|무급,False,True,오답,True,"정답 기준은 취업규칙 제28조의 보건휴가(여성 직원의 생리휴가, 월 1일 무급)인데, 시스템 답변은 규정에서 찾을 수 없다고만 하여 실제 존재하는 답을 놓쳤습니다."
Q18,표,가족수당으로 배우자는 얼마를 받나?,직원보수규정 p.12,직원보수규정시행세칙 p.2 / 직원보수규정시행세칙 p.2 / 해외사업소직원보수규정 p.1 / 취업규칙 p.6,False,,0,규정에서 근거를 찾을 수 없습니다. 담당 부서에 문의해 주세요.,"30,000",False,True,오답,True,"검색 문서의 직원보수규정시행세칙 제6조에 가족수당 대상에 배우자가 포함된다고 명시되어 있지만, 시스템 답변은 금액을 찾을 수 없다고만 하여 정답 기준인 월 30,000원을 답하지 못했습니다. 추측한 내용은 없으므로 grounded는 true입니다."
Q19,표,셋째 자녀부터 가족수당은 얼마인가?,직원보수규정 p.12,직원보수규정시행세칙 p.3 / 복리후생규정 p.8 / 직원보수규정 p.12 / 직원보수규정시행세칙 p.2,True,3,0,"셋째 자녀부터 가족수당은 1명당 월 120,000원입니다. (직원보수규정 시행세칙 제6조의2, p.3)","120,000",True,False,정답,True,"답변의 금액과 조건이 정답 기준인 ‘셋째 이후 자녀 1명당 월 120,000원’과 정확히 일치하며, 검색 문서의 제6조의2 및 별표에도 동일하게 근거가 제시되어 있다."
Q20,표,국내 출장 일비는 하루에 얼마인가?,여비규정 p.13,여비규정 p.1 / 여비규정 p.3 / 여비규정 p.3 / 여비규정 p.2,False,,0,"국내 출장 일비는 근무시간이 4시간 이상인 경우 전액 지급되며, 4시간 미만인 경우 1일분의 2분의 1이 지급됩니다. (여비규정 제13조, p.3)",25,False,False,부분정답,True,"일비 지급 조건(근무시간 4시간 이상 전액, 4시간 미만 1일분의 2분의 1)은 맞지만, 질문은 국내 출장 일비의 금액을 묻고 있고 정답 기준의 핵심인 1일 25천원 및 차량 이용 시 2분의 1 지급이 빠져 있다."
Q21,표,1급 이하 직원이 서울로 출장 가면 숙박비 상한은?,여비규정 p.13,여비규정 p.13 / 여비규정 p.3 / 여비규정 p.6 / 여비규정 p.4,True,1,0,1급 이하 직원이 서울로 출장 가면 숙박비 상한액은 100천원입니다. (여비규정 p.13),100,True,False,정답,True,"검색 문서의 여비규정 p.13 별표 1 주 7에 1급 이하 숙박비 상한액이 서울특별시 100천원, 광역시 80천원, 그 밖의 지역 70천원으로 명시되어 있어 답변이 정확합니다."
Q22,표,둘째 자녀 출산장려금은 얼마인가?,복리후생규정 p.8,복리후생규정 p.8 / 취업규칙 p.6 / 직원보수규정시행세칙 p.3 / 인사규정 p.9,True,1,0,둘째 자녀 출산장려금은 250만원입니다. (복리후생규정 p.8),250만,True,False,정답,True,"둘째 자녀 출산장려금 250만원은 검색 문서의 복리후생규정 p.8과 일치한다. 답변에 정답 기준의 핵심 금액이 맞고, 근거 문서도 제시했다."
Q23,표,국외출장 시 직원의 항공 좌석 등급은?,여비규정 p.15,여비규정 p.5 / 여비규정 p.4 / 여비규정 p.20 / 여비규정 p.23,False,,0,규정에서 근거를 찾을 수 없습니다. 담당 부서에 문의해 주세요.,ECONOMY or 이코노미 or 3등급,False,True,오답,True,"검색 문서에는 제20조의2에서 항공마일리지 활용과 좌석 등급 상향 조정 가능성만 보일 뿐, 직원의 항공 좌석 등급(3등급 ECONOMY)과 임원의 등급(2등급 BUSINESS)에 대한 직접 규정은 제시되지 않았습니다. 그런데 시스템 답변은 이를 근거 없음으로만 처리해 정답 기준을 놓쳤으므로 오답입니다."
Q24,조건·예외,수습 기간에도 상여금을 받을 수 있나?,직원보수규정 p.3,직원보수규정시행세칙 p.5 / 직원보수규정 p.4 / 직원연봉보수규정시행세칙 p.1 / 인사규정시행세칙 p.5,False,,0,규정에서 근거를 찾을 수 없습니다. 담당 부서에 문의해 주세요.,제외|입사일,False,True,오답,True,"정답 기준에는 수습 중인 자는 제외되지만 수습이 해제되면 입사일부터 기산해 지급하고, 수습해제 전 퇴사하면 지급하지 않는다고 되어 있습니다. 시스템 답변은 근거를 찾을 수 없다고만 하고 핵심 규정을 제시하지 못해 오답입니다."
Q25,조건·예외,회사 차량으로 출장 가도 일비를 전액 받나?,여비규정 p.1,여비규정 p.3 / 여비규정 p.3 / 여비규정 p.2 / 여비규정 p.2,False,,0,"근무시간이 4시간 이상인 경우에는 일비를 전액 지급받습니다. 그러나 근무시간이 4시간 미만인 경우에는 1일분의 2분의 1만 지급됩니다. 따라서 회사 차량을 이용하더라도 근무시간에 따라 지급되는 일비의 금액이 달라집니다. (여비규정 제13조 1항, p.3)",2분의 1 or 1/2 or 절반,True,False,부분정답,True,"검색 문서에는 회사차량 이용 시 일비가 전액인지가 아니라, 편도 100Km 미만 국내출장의 경우 근무시간 4시간 이상이면 전액, 4시간 미만이면 2분의 1로 지급된다고만 나옵니다. 따라서 회사차량 이용 시 일비를 1/2 지급한다는 정답 기준의 핵심 조건을 빠뜨려 일부만 맞습니다."
Q26,조건·예외,근속연수가 늘면 연차휴가도 늘어나나?,취업규칙 p.4,취업관리시행세칙 p.1 / 취업규칙 p.4 / 취업규칙 p.7 / 직원보수규정시행세칙 p.5,True,2,0,"네, 근속연수가 늘어나면 연차휴가도 늘어납니다. 3년 이상 근속자의 경우, 8할 이상 출근한 경우 연차휴가일수는 15일에 근속연수(만)를 2로 나눈 값에서 1일을 뺀 수치에 따라 결정됩니다. 즉, 근속연수가 늘어날수록 연차휴가일수가 증가합니다. (제5조 제3항, p.1)",2년|25일,False,False,부분정답,True,"연차휴가가 근속연수에 따라 증가한다는 취지는 맞지만, 정답 기준의 핵심인 '3년 이상 근속 시 최초 1년을 초과하는 계속근로연수 매 2년마다 1일 가산, 총 25일 한도'라는 조건과 상한을 정확히 반영하지 않았습니다. 또한 답변의 산식 설명은 문서 표현과 다소 다릅니다."
Q27,조건·예외,질병휴가를 6일 넘게 쓰면 따로 필요한 게 있나?,취업규칙 p.7,취업규칙 p.7 / 취업규칙 p.7 / 취업규칙 p.3 / 취업규칙 p.4,True,1,0,"질병(부상)휴가를 연간 60일 이내로 사용할 수 있으며, 6일을 초과하는 경우에는 의사의 진단서를 첨부하여야 합니다. (취업규칙 제28조, p.7)",진단서,True,False,정답,True,질병(부상)휴가가 연간 6일을 초과하면 의사의 진단서를 첨부해야 한다는 정답 기준과 시스템 답변이 일치합니다. 연간 60일 이내라는 범위도 문서에 근거가 있습니다.
Q28,복합,본인 결혼휴가와 배우자 출산휴가는 각각 며칠인가?,취업규칙 p.5;6,취업규칙 p.5 / 취업규칙 p.6 / 취업규칙 p.6 / 상임임원 복무규정 p.1,True,1,0,"본인 결혼휴가는 5일이며, 배우자 출산휴가는 20일(다태아 시 25일)입니다. (취업규칙 제27조 1가, p.5; 제27조 3가, p.6)",5일|20일,True,False,정답,True,"시스템 답변은 본인 결혼 5일, 배우자 출산 20일(다태아 25일)로 정답 기준과 일치하며, 근거 조항도 검색 문서의 취업규칙 p.5~6에 명시되어 있다."
Q29,복합,국내 출장 일비와 식비 하루 정액을 같이 알려줘,여비규정 p.13,여비규정 p.3 / 여비규정 p.3 / 여비규정 p.1 / 여비규정 p.13,True,4,0,"국내 출장 일비는 1일분의 2분의 1(근무시간 4시간 미만의 경우) 또는 전액(근무시간 4시간 이상의 경우) 지급됩니다. 식비는 명령권자가 근무시간이 모두 소요되는 1일 출장으로 인정한 경우에는 1일분의 3분의 1 범위 내에서 지급됩니다. 

(여비규정 제13조, p.3)",일비|식비|25,False,False,부분정답,True,"일비와 식비의 지급 조건은 문서와 일치하지만, 질문은 하루 정액 금액을 묻고 있고 정답 기준은 일비 25천원, 식비 25천원이다. 시스템 답변은 금액을 제시하지 않고 지급 조건만 설명했다."
Q30,복합,장기근속휴가는 10년차와 20년차에 각각 며칠인가?,취업규칙 p.7,취업규칙 p.7 / 취업규칙 p.4 / 취업관리시행세칙 p.1 / 직원보수규정시행세칙 p.5,True,1,0,"장기근속휴가는 다음과 같습니다:
- 근속기간이 10년 이상 20년 미만인 직원: 5일
- 근속기간이 20년 이상인 직원: 7일 (규정 제24조, p.7)",5일|7일,True,False,정답,True,"검색 문서 p.7의 장기근속휴가 조항과 일치하게 10년 이상 20년 미만은 5일, 20년 이상은 7일로 답했다. 각 1회라는 조건도 포함되어 있어 핵심 기준을 모두 충족한다."
Q34,상위법,출산휴가는 며칠 쓸 수 있어?,취업규칙 p.6,취업규칙 p.4 / 취업규칙 p.6 / 취업규칙 p.7 / 취업규칙 p.7,True,2,0,"출산전후휴가는 근로기준법에서 정한 휴가일수를 적용합니다. 구체적인 일수는 규정에서 명시되어 있지 않으므로, 담당 부서에 문의해 주세요. (규정에서 근거를 찾을 수 없습니다. 담당 부서에 문의해 주세요.)",90일,False,True,오답,True,"검색 문서에 출산전후휴가는 근로기준법에서 정한 휴가일수를 적용한다고 명시되어 있고, 구체적으로 유산·사산휴가 일수도 적혀 있어 ‘규정에서 명시되어 있지 않다’는 답변은 사실과 다릅니다. 핵심 기간(90일, 미숙아 100일, 다태아 120일)과 유급 기준도 빠져 있어 정답에 해당하지 않습니다."
Q35,상위법,직원이 재직 중 사망하면 퇴직금은 누가 받아?,직원보수규정 p.5,직원보수규정 p.5 / 직원보수규정 p.5 / 직원연봉보수규정 p.2 / 직원연봉보수규정 p.6,True,1,0,"직원이 재직 중 사망할 경우 퇴직금은 그 유족에게 지급함을 원칙으로 합니다. (직원보수규정 제31조, p.5)",유족|배우자,False,False,부분정답,True,"유족에게 지급한다는 핵심은 맞지만, 정답 기준의 유족 범위(배우자·자녀·부모·손·조부모의 우선순위)와 유언 등 특정인 지정 가능 여부를 설명하지 않아 답이 불완전하다."
Q36,상위법,퇴직금은 법적으로 최소 얼마 이상 받아야 해?,직원보수규정 p.4,직원보수규정 p.4 / 직원보수규정 p.5 / 직원보수규정시행세칙 p.6 / 직원보수규정 p.5,True,1,0,"퇴직금은 지급하여야 할 금액이 근로기준법에 따른 최저기준액보다 적을 경우에는 그 최저기준에 상당하는 금액을 지급해야 합니다. (직원보수규정 제28조, p.4)",30일분|평균임금,False,False,부분정답,True,"최저기준을 초과해 적게 지급하면 법정 최저기준을 지급한다는 점은 맞지만, 질문은 법적으로 최소 얼마인지였고 정답 기준의 핵심인 '계속근로기간 1년에 대하여 30일분 이상의 평균임금'이라는 금액·기간 기준이 빠져 있다."
Q31,문서없음,사내 주차 요금은 얼마인가?,,여비규정 p.13 / 여비규정 p.2 / 인사규정시행세칙 p.15 / 여비규정 p.3,,,0,규정에서 근거를 찾을 수 없습니다. 담당 부서에 문의해 주세요.,,,True,정답,True,"답변이 규정에서 사내 주차 요금을 찾을 수 없다고 밝혀 추측 없이 거절했으며, 정답 기준이 ‘규정에서 찾을 수 없음’과 일치합니다."
Q32,문서없음,통근버스 운행 시간표 알려줘,,여비규정 p.3 / 여비규정 p.2 / 유연근무제운영지침 p.4 / 윤리규정행동세칙 p.7,,,0,규정에서 근거를 찾을 수 없습니다. 담당 부서에 문의해 주세요.,,,True,정답,True,"답변이 규정에서 통근버스 운행 시간표를 찾을 수 없다고만 했고, 검색 문서에도 해당 시간표 정보는 보이지 않습니다. 추측이나 허위 내용을 추가하지 않았습니다."
Q33,문서없음,사내 헬스장 이용 시간은?,,유연근무제운영지침 p.2 / 유연근무제운영지침 p.1 / 유연근무제운영지침 p.6 / 여비규정 p.3,,,0,규정에서 근거를 찾을 수 없습니다. 담당 부서에 문의해 주세요.,,,True,정답,True,"시스템 답변은 규정에서 근거를 찾을 수 없다고만 했고, 검색 문서에도 사내 헬스장 이용 시간에 대한 내용이 없어 추측 없이 거절한 것으로 판단된다."
